varyant,mult,n_layer,kilavuz,init,gizli,yogunluk,kapsama,ffn_params,val_bpc,std,dense_farki,anlamli,tok_s,n
dense,4,8,-,gpt,2048,1.0000,1.0000,16777216,1.44741,0.00123,+0.0000,,596040.7,3
block,16,8,-,gpt,8192,0.2500,0.2500,16777216,1.57111,0.00476,+0.1237,yogun iyi (43.6o),540253.2,3
ring,16,8,-,gpt,8192,0.2500,0.4980,16777216,1.55550,0.00503,+0.1081,yogun iyi (36.2o),578132.3,3
watts_strogatz,16,8,-,gpt,8192,0.2500,1.0000,16777216,1.54700,0.00613,+0.0996,yogun iyi (27.6o),576011.4,3
dense,4,8,-,kaiming,2048,1.0000,1.0000,16777216,1.49291,0.00226,+0.0000,,644220.6,3
block,8,8,-,kaiming,4096,0.5000,0.5000,16777216,1.51515,0.00485,+0.0222,yogun iyi (7.2o),540579.1,3
random,8,8,-,kaiming,4096,0.5000,1.0000,16777216,1.49511,0.01660,+0.0022,gurultu (0.2o),652173.2,3
ring,8,8,-,kaiming,4096,0.5000,0.9980,16777216,1.48999,0.01620,-0.0029,gurultu (0.3o),593004.7,3
watts_strogatz,8,8,-,kaiming,4096,0.5000,1.0000,16777216,1.48314,0.01459,-0.0098,gurultu (1.1o),589260.7,3
block,16,8,-,kaiming,8192,0.2500,0.2500,16777216,1.54160,0.01104,+0.0487,yogun iyi (7.5o),544818.0,3
ring,16,8,-,kaiming,8192,0.2500,0.4980,16777216,1.53571,0.01410,+0.0428,yogun iyi (5.2o),573407.5,3
watts_strogatz,16,8,-,kaiming,8192,0.2500,1.0000,16777216,1.52663,0.01411,+0.0337,yogun iyi (4.1o),573829.0,3
dense,4,2,-,mixed,2048,1.0000,1.0000,4194304,1.63381,0.05772,+0.0000,,1029382.4,3
butterfly,16,2,-,mixed,8192,0.2500,0.2500,4194304,1.56498,0.00177,-0.0688,SEYREK IYI (2.1o),1202964.4,3
butterfly,16,2,kilavuz,mixed,8192,0.2500,0.2500,4194304,1.56028,0.00177,-0.0735,SEYREK IYI (2.2o),913559.9,3
random,16,2,-,mixed,8192,0.2500,1.0000,4194304,1.56636,0.00273,-0.0674,SEYREK IYI (2.0o),1090220.0,3
random,16,2,kilavuz,mixed,8192,0.2500,1.0000,4194304,1.56614,0.00437,-0.0677,SEYREK IYI (2.0o),893131.9,3
ring,16,2,-,mixed,8192,0.2500,0.4980,4194304,1.57364,0.00359,-0.0602,gurultu (1.8o),991337.3,3
ring,16,2,kilavuz,mixed,8192,0.2500,0.4980,4194304,1.56732,0.00826,-0.0665,gurultu (2.0o),979466.1,3
dense,4,4,-,mixed,2048,1.0000,1.0000,8388608,1.52850,0.00342,+0.0000,,979374.7,3
butterfly,16,4,-,mixed,8192,0.2500,0.2500,8388608,1.54477,0.01126,+0.0163,yogun iyi (2.4o),880384.9,3
butterfly,16,4,kilavuz,mixed,8192,0.2500,0.2500,8388608,1.53640,0.01278,+0.0079,gurultu (1.0o),892464.8,3
random,16,4,-,mixed,8192,0.2500,1.0000,8388608,1.54103,0.01216,+0.0125,gurultu (1.7o),881631.9,3
random,16,4,kilavuz,mixed,8192,0.2500,1.0000,8388608,1.54330,0.00446,+0.0148,yogun iyi (4.6o),824712.5,3
ring,16,4,-,mixed,8192,0.2500,0.4980,8388608,1.54276,0.01607,+0.0143,gurultu (1.5o),902664.0,3
ring,16,4,kilavuz,mixed,8192,0.2500,0.4980,8388608,1.54440,0.00878,+0.0159,yogun iyi (2.9o),837229.8,3
dense,4,8,-,mixed,2048,1.0000,1.0000,16777216,1.44660,0.00265,+0.0000,,614289.2,9
block,8,8,-,mixed,4096,0.5000,0.5000,16777216,1.45267,0.00295,+0.0061,yogun iyi (3.5o),536650.7,4
mozaik,8,8,-,mixed,4096,0.5000,0.5000,16777216,1.45407,0.00291,+0.0075,yogun iyi (3.9o),678041.6,3
random,8,8,-,mixed,4096,0.5000,1.0000,16777216,1.44667,0.00389,+0.0001,gurultu (0.0o),581980.7,3
ring,8,8,-,mixed,4096,0.5000,0.9980,16777216,1.44672,0.00223,+0.0001,gurultu (0.1o),578436.0,4
watts_strogatz,8,8,-,mixed,4096,0.5000,1.0000,16777216,1.44852,0.00282,+0.0019,gurultu (1.2o),581642.4,4
block,16,8,-,mixed,8192,0.2500,0.2500,16777216,1.49225,0.00232,+0.0457,yogun iyi (28.4o),534228.6,3
butterfly,16,8,-,mixed,8192,0.2500,0.2500,16777216,1.47653,0.00333,+0.0299,yogun iyi (14.2o),573888.3,3
butterfly,16,8,bmm,mixed,8192,0.2500,0.2500,16777216,1.47577,0.00195,+0.0292,yogun iyi (20.4o),308680.8,3
butterfly,16,8,kilavuz,mixed,8192,0.2500,0.2500,16777216,1.47269,0.00143,+0.0261,yogun iyi (21.6o),491747.3,3
mozaik,16,8,-,mixed,8192,0.2500,0.2500,16777216,1.49252,0.00404,+0.0459,yogun iyi (18.4o),523388.7,3
random,16,8,-,mixed,8192,0.2500,1.0000,16777216,1.46818,0.00240,+0.0216,yogun iyi (16.4o),569389.5,6
random,16,8,kilavuz,mixed,8192,0.2500,1.0000,16777216,1.46962,0.00229,+0.0230,yogun iyi (14.5o),512920.9,3
ring,16,8,-,mixed,8192,0.2500,0.4980,16777216,1.47523,0.00289,+0.0286,yogun iyi (19.4o),546052.6,6
ring,16,8,kilavuz,mixed,8192,0.2500,0.4980,16777216,1.47240,0.00251,+0.0258,yogun iyi (15.2o),522493.9,3
watts_strogatz,16,8,-,mixed,8192,0.2500,1.0000,16777216,1.46963,0.00363,+0.0230,yogun iyi (13.3o),554703.0,6
block,32,8,-,mixed,16384,0.1250,0.1250,16777216,1.54935,0.00000,+0.1028,yogun iyi (116.2o),411262.4,1
butterfly,32,8,bmm,mixed,16384,0.1250,0.1250,16777216,1.51981,0.00328,+0.0732,yogun iyi (35.0o),184687.2,3
random,32,8,-,mixed,16384,0.1250,1.0000,16777216,1.50159,0.00000,+0.0550,yogun iyi (62.2o),362474.9,1
ring,32,8,-,mixed,16384,0.1250,0.2480,16777216,1.52245,0.00000,+0.0759,yogun iyi (85.8o),371425.5,1
watts_strogatz,32,8,-,mixed,16384,0.1250,1.0000,16777216,1.50635,0.00000,+0.0598,yogun iyi (67.6o),370967.4,1
butterfly,64,8,kilavuz+bmm,mixed,32768,0.0625,0.0625,16777216,1.54251,0.00155,+0.0959,yogun iyi (76.3o),100480.1,3
random,64,8,kilavuz,mixed,32768,0.0625,1.0000,16777216,1.52052,0.00204,+0.0739,yogun iyi (50.2o),205820.8,3
ring,64,8,kilavuz,mixed,32768,0.0625,0.1230,16777216,1.53972,0.00375,+0.0931,yogun iyi (39.8o),210065.0,3
watts_strogatz,64,8,-,mixed,32768,0.0625,1.0000,16777216,1.53783,0.00000,+0.0912,yogun iyi (103.2o),209089.5,1
dense,4,16,-,mixed,2048,1.0000,1.0000,33554432,1.40244,0.00156,+0.0000,,359494.7,3
butterfly,16,16,-,mixed,8192,0.2500,0.2500,33554432,1.44572,0.00062,+0.0433,yogun iyi (44.7o),298952.0,3
butterfly,16,16,bmm,mixed,8192,0.2500,0.2500,33554432,1.44623,0.00053,+0.0438,yogun iyi (46.1o),156383.8,3
butterfly,16,16,kilavuz,mixed,8192,0.2500,0.2500,33554432,1.43388,0.00139,+0.0314,yogun iyi (26.1o),280298.6,3
random,16,16,-,mixed,8192,0.2500,1.0000,33554432,1.43726,0.00105,+0.0348,yogun iyi (32.2o),292613.3,3
random,16,16,kilavuz,mixed,8192,0.2500,1.0000,33554432,1.42732,0.00333,+0.0249,yogun iyi (11.7o),275906.3,3
ring,16,16,-,mixed,8192,0.2500,0.4980,33554432,1.45213,0.00071,+0.0497,yogun iyi (50.2o),299028.5,3
ring,16,16,kilavuz,mixed,8192,0.2500,0.4980,33554432,1.43633,0.00248,+0.0339,yogun iyi (20.0o),281508.3,3
butterfly,64,16,kilavuz+bmm,mixed,32768,0.0625,0.0625,33554432,1.51429,0.00334,+0.1119,yogun iyi (52.5o),50390.6,3
random,64,16,kilavuz,mixed,32768,0.0625,1.0000,33554432,1.49780,0.00510,+0.0954,yogun iyi (31.0o),102618.8,3
ring,64,16,kilavuz,mixed,32768,0.0625,0.1230,33554432,1.52269,0.00083,+0.1203,yogun iyi (117.9o),105437.2,3